;hash-rate
10/01/2009 00:00;1.07E-07
13/01/2009 00:00;1.70435E-06
16/01/2009 00:00;4.31769E-06
19/01/2009 00:00;5.55335E-06
22/01/2009 00:00;5.68117E-06
25/01/2009 00:00;5.61016E-06
28/01/2009 00:00;6.15697E-06
31/01/2009 00:00;6.80321E-06
03/02/2009 00:00;5.8303E-06
06/02/2009 00:00;6.19958E-06
09/02/2009 00:00;6.36291E-06
12/02/2009 00:00;6.36291E-06
15/02/2009 00:00;6.41262E-06
18/02/2009 00:00;6.22799E-06
21/02/2009 00:00;6.19958E-06
24/02/2009 00:00;5.85871E-06
27/02/2009 00:00;5.53914E-06
02/03/2009 00:00;5.3403E-06
05/03/2009 00:00;5.27639E-06
08/03/2009 00:00;5.37581E-06
11/03/2009 00:00;5.47523E-06
14/03/2009 00:00;5.54625E-06
17/03/2009 00:00;5.69538E-06
20/03/2009 00:00;5.809E-06
23/03/2009 00:00;5.44683E-06
26/03/2009 00:00;5.43262E-06
29/03/2009 00:00;5.61016E-06
01/04/2009 01:00;5.73799E-06
04/04/2009 01:00;5.74509E-06
07/04/2009 01:00;5.75219E-06
10/04/2009 01:00;5.48233E-06
13/04/2009 01:00;5.37581E-06
16/04/2009 01:00;5.63146E-06
19/04/2009 01:00;5.88712E-06
22/04/2009 01:00;5.90132E-06
25/04/2009 01:00;5.64567E-06
28/04/2009 01:00;5.48943E-06
01/05/2009 01:00;5.8303E-06
04/05/2009 01:00;5.94393E-06
07/05/2009 01:00;6.2706E-06
10/05/2009 01:00;5.95813E-06
13/05/2009 01:00;5.53204E-06
16/05/2009 01:00;5.61016E-06
19/05/2009 01:00;6.25639E-06
22/05/2009 01:00;5.67407E-06
25/05/2009 01:00;4.28218E-06
28/05/2009 01:00;4.43842E-06
31/05/2009 01:00;5.39001E-06
03/06/2009 01:00;5.09885E-06
06/06/2009 01:00;4.09755E-06
09/06/2009 01:00;2.71986E-06
12/06/2009 01:00;3.03233E-06
15/06/2009 01:00;4.09755E-06
18/06/2009 01:00;3.97682E-06
21/06/2009 01:00;3.93421E-06
24/06/2009 01:00;3.97682E-06
27/06/2009 01:00;3.99813E-06
30/06/2009 01:00;3.80639E-06
03/07/2009 01:00;3.8561E-06
06/07/2009 01:00;4.04784E-06
09/07/2009 01:00;3.95552E-06
12/07/2009 01:00;3.97682E-06
15/07/2009 01:00;3.90581E-06
18/07/2009 01:00;3.46552E-06
21/07/2009 01:00;2.71276E-06
24/07/2009 01:00;2.86899E-06
27/07/2009 01:00;3.01812E-06
30/07/2009 01:00;2.46421E-06
02/08/2009 01:00;1.4345E-06
05/08/2009 01:00;1.30667E-06
08/08/2009 01:00;2.74827E-06
11/08/2009 01:00;4.12595E-06
14/08/2009 01:00;3.92001E-06
17/08/2009 01:00;2.99682E-06
20/08/2009 01:00;1.74696E-06
23/08/2009 01:00;8.10E-07
26/08/2009 01:00;9.80E-07
29/08/2009 01:00;1.55522E-06
01/09/2009 01:00;3.25247E-06
04/09/2009 01:00;3.82059E-06
07/09/2009 01:00;3.60044E-06
10/09/2009 01:00;3.32349E-06
13/09/2009 01:00;3.3661E-06
16/09/2009 01:00;3.30218E-06
19/09/2009 01:00;3.55073E-06
22/09/2009 01:00;3.56494E-06
25/09/2009 01:00;3.18146E-06
28/09/2009 01:00;3.55073E-06
01/10/2009 01:00;4.42421E-06
04/10/2009 01:00;4.01233E-06
07/10/2009 01:00;3.30218E-06
10/10/2009 01:00;2.96131E-06
13/10/2009 01:00;3.25247E-06
16/10/2009 01:00;3.46552E-06
19/10/2009 01:00;3.11044E-06
22/10/2009 01:00;3.99102E-06
25/10/2009 01:00;4.29639E-06
28/10/2009 00:00;3.79928E-06
31/10/2009 00:00;3.22407E-06
03/11/2009 00:00;2.47841E-06
06/11/2009 00:00;2.49972E-06
09/11/2009 00:00;2.9187E-06
12/11/2009 00:00;3.29508E-06
15/11/2009 00:00;3.53653E-06
18/11/2009 00:00;4.11175E-06
21/11/2009 00:00;4.28929E-06
24/11/2009 00:00;4.24668E-06
27/11/2009 00:00;4.40291E-06
30/11/2009 00:00;4.06204E-06
03/12/2009 00:00;3.74247E-06
06/12/2009 00:00;3.42291E-06
09/12/2009 00:00;4.27508E-06
12/12/2009 00:00;4.91422E-06
15/12/2009 00:00;5.35451E-06
18/12/2009 00:00;5.92262E-06
21/12/2009 00:00;7.83292E-06
24/12/2009 00:00;9.00466E-06
27/12/2009 00:00;8.11698E-06
30/12/2009 00:00;7.81161E-06
02/01/2010 00:00;8.04406E-06
05/01/2010 00:00;8.79213E-06
08/01/2010 00:00;9.46716E-06
11/01/2010 00:00;1.0114E-05
14/01/2010 00:00;9.73984E-06
17/01/2010 00:00;9.86754E-06
20/01/2010 00:00;8.87861E-06
23/01/2010 00:00;9.02689E-06
26/01/2010 00:00;1.01213E-05
29/01/2010 00:00;1.13407E-05
01/02/2010 00:00;1.27343E-05
04/02/2010 00:00;1.25625E-05
07/02/2010 00:00;1.51865E-05
10/02/2010 00:00;1.82535E-05
13/02/2010 00:00;1.7332E-05
16/02/2010 00:00;1.83411E-05
19/02/2010 00:00;2.27061E-05
22/02/2010 00:00;2.57771E-05
25/02/2010 00:00;2.93352E-05
28/02/2010 00:00;3.12106E-05
03/03/2010 00:00;3.28936E-05
06/03/2010 00:00;3.2813E-05
09/03/2010 00:00;3.27586E-05
12/03/2010 00:00;3.2889E-05
15/03/2010 00:00;3.15338E-05
18/03/2010 00:00;2.99249E-05
21/03/2010 00:00;3.18556E-05
24/03/2010 00:00;3.76756E-05
27/03/2010 00:00;4.24113E-05
30/03/2010 01:00;4.27935E-05
02/04/2010 01:00;4.61957E-05
05/04/2010 01:00;4.86872E-05
08/04/2010 01:00;5.06921E-05
11/04/2010 01:00;5.54027E-05
14/04/2010 01:00;6.63305E-05
17/04/2010 01:00;7.56771E-05
20/04/2010 01:00;8.13544E-05
23/04/2010 01:00;8.77125E-05
26/04/2010 01:00;8.8056E-05
29/04/2010 01:00;9.42768E-05
02/05/2010 01:00;9.43582E-05
05/05/2010 01:00;9.16474E-05
08/05/2010 01:00;9.10532E-05
11/05/2010 01:00;8.98793E-05
14/05/2010 01:00;8.43132E-05
17/05/2010 01:00;7.52796E-05
20/05/2010 01:00;8.44957E-05
23/05/2010 01:00;9.91217E-05
26/05/2010 01:00;0.00011405
29/05/2010 01:00;0.000120973
01/06/2010 01:00;0.00012976
04/06/2010 01:00;0.000127356
07/06/2010 01:00;0.000117784
10/06/2010 01:00;0.000124629
13/06/2010 01:00;0.000130446
16/06/2010 01:00;0.000138394
19/06/2010 01:00;0.000133803
22/06/2010 01:00;0.00013911
25/06/2010 01:00;0.000144811
28/06/2010 01:00;0.000151005
01/07/2010 01:00;0.000160402
04/07/2010 01:00;0.000172253
07/07/2010 01:00;0.000183617
10/07/2010 01:00;0.000189097
13/07/2010 01:00;0.000259352
16/07/2010 01:00;0.000805162
19/07/2010 01:00;0.001949189
22/07/2010 01:00;0.002140111
25/07/2010 01:00;0.001661809
28/07/2010 01:00;0.001904713
31/07/2010 01:00;0.002053183
03/08/2010 01:00;0.002355142
06/08/2010 01:00;0.002681185
09/08/2010 01:00;0.002892422
12/08/2010 01:00;0.003194117
15/08/2010 01:00;0.003753793
18/08/2010 01:00;0.004180413
21/08/2010 01:00;0.004148963
24/08/2010 01:00;0.004255816
27/08/2010 01:00;0.00511352
30/08/2010 01:00;0.005394517
02/09/2010 01:00;0.00524931
05/09/2010 01:00;0.005082152
08/09/2010 01:00;0.005082152
11/09/2010 01:00;0.00532586
14/09/2010 01:00;0.005644937
17/09/2010 01:00;0.006343348
20/09/2010 01:00;0.007393177
23/09/2010 01:00;0.008280541
26/09/2010 01:00;0.009327179
29/09/2010 01:00;0.00967263
02/10/2010 01:00;0.009998576
05/10/2010 01:00;0.00944261
08/10/2010 01:00;0.009252118
11/10/2010 01:00;0.01013238
14/10/2010 01:00;0.010879756
17/10/2010 01:00;0.012403624
20/10/2010 01:00;0.01537384
23/10/2010 01:00;0.018211427
26/10/2010 01:00;0.019303431
29/10/2010 01:00;0.021289385
01/11/2010 00:00;0.024659643
04/11/2010 00:00;0.02675562
07/11/2010 00:00;0.029662377
10/11/2010 00:00;0.036757201
13/11/2010 00:00;0.042542167
16/11/2010 00:00;0.048773157
19/11/2010 00:00;0.049707385
22/11/2010 00:00;0.049762774
25/11/2010 00:00;0.052604858
28/11/2010 00:00;0.056664994
01/12/2010 00:00;0.065737403
04/12/2010 00:00;0.071644549
07/12/2010 00:00;0.084272178
10/12/2010 00:00;0.091959362
13/12/2010 00:00;0.097883712
16/12/2010 00:00;0.100478861
19/12/2010 00:00;0.1031035
22/12/2010 00:00;0.107540866
25/12/2010 00:00;0.107120327
28/12/2010 00:00;0.11187337
31/12/2010 00:00;0.115304717
03/01/2011 00:00;0.121784822
06/01/2011 00:00;0.122957519
09/01/2011 00:00;0.127256994
12/01/2011 00:00;0.129008567
15/01/2011 00:00;0.138852129
18/01/2011 00:00;0.14749893
21/01/2011 00:00;0.153572428
24/01/2011 00:00;0.155288109
27/01/2011 00:00;0.158561467
30/01/2011 00:00;0.165724417
02/02/2011 00:00;0.176537508
05/02/2011 00:00;0.178830311
08/02/2011 00:00;0.194462331
11/02/2011 00:00;0.218300392
14/02/2011 00:00;0.240641429
17/02/2011 00:00;0.259026193
20/02/2011 00:00;0.2995967
23/02/2011 00:00;0.340179951
26/02/2011 00:00;0.373101828
01/03/2011 00:00;0.468593145
04/03/2011 00:00;0.485654302
07/03/2011 00:00;0.545962946
10/03/2011 00:00;0.616452336
13/03/2011 00:00;0.572600038
16/03/2011 00:00;0.477232012
19/03/2011 00:00;0.47885525
22/03/2011 00:00;0.48751252
25/03/2011 00:00;0.515648648
28/03/2011 01:00;0.546035958
31/03/2011 01:00;0.545608865
03/04/2011 01:00;0.583893413
06/04/2011 01:00;0.622591047
09/04/2011 01:00;0.6287466
12/04/2011 01:00;0.647467219
15/04/2011 01:00;0.683017062
18/04/2011 01:00;0.681262737
21/04/2011 01:00;0.665219539
24/04/2011 01:00;0.726447335
27/04/2011 01:00;0.781061823
30/04/2011 01:00;0.826312256
03/05/2011 01:00;0.923277446
06/05/2011 01:00;1.051478516
09/05/2011 01:00;1.108259213
12/05/2011 01:00;1.290101968
15/05/2011 01:00;1.47224997
18/05/2011 01:00;1.690245744
21/05/2011 01:00;2.091624538
24/05/2011 01:00;2.598869618
27/05/2011 01:00;3.246951883
30/05/2011 01:00;3.67349154
02/06/2011 01:00;3.661153944
05/06/2011 01:00;3.900478729
08/06/2011 01:00;4.760742534
11/06/2011 01:00;5.499008107
14/06/2011 01:00;6.062811079
17/06/2011 01:00;7.705129377
20/06/2011 01:00;8.64415678
23/06/2011 01:00;9.559463434
26/06/2011 01:00;11.2404864
29/06/2011 01:00;11.57694699
02/07/2011 01:00;11.33199196
05/07/2011 01:00;11.65520349
08/07/2011 01:00;11.1667403
11/07/2011 01:00;11.1064882
14/07/2011 01:00;11.77687918
17/07/2011 01:00;12.14317231
20/07/2011 01:00;12.68706211
23/07/2011 01:00;12.4548236
26/07/2011 01:00;12.85557165
29/07/2011 01:00;13.6529151
01/08/2011 01:00;13.8570484
04/08/2011 01:00;14.23280924
07/08/2011 01:00;13.76724248
10/08/2011 01:00;12.67543301
13/08/2011 01:00;12.78273827
16/08/2011 01:00;12.94369615
19/08/2011 01:00;12.61339921
22/08/2011 01:00;12.85892259
25/08/2011 01:00;13.59251257
28/08/2011 01:00;13.27193444
31/08/2011 01:00;12.02809131
03/09/2011 01:00;12.28705573
06/09/2011 01:00;12.870168
09/09/2011 01:00;12.70055582
12/09/2011 01:00;12.58693256
15/09/2011 01:00;12.14618973
18/09/2011 01:00;11.94430825
21/09/2011 01:00;12.17937495
24/09/2011 01:00;12.25417152
27/09/2011 01:00;12.14197667
30/09/2011 01:00;11.65523754
03/10/2011 01:00;11.34753303
06/10/2011 01:00;11.04900922
09/10/2011 01:00;11.01301896
12/10/2011 01:00;10.48516184
15/10/2011 01:00;9.825340443
18/10/2011 01:00;9.317272701
21/10/2011 01:00;9.300634481
24/10/2011 01:00;8.466189305
27/10/2011 01:00;8.361925889
30/10/2011 01:00;8.372352231
02/11/2011 00:00;8.327252293
05/11/2011 00:00;8.526276317
08/11/2011 00:00;8.512159883
11/11/2011 00:00;8.725818515
14/11/2011 00:00;8.40960374
17/11/2011 00:00;8.445602465
20/11/2011 00:00;8.439707498
23/11/2011 00:00;7.926500581
26/11/2011 00:00;7.621635174
29/11/2011 00:00;7.392986119
02/12/2011 00:00;7.932839135
05/12/2011 00:00;8.230114335
08/12/2011 00:00;8.481521249
11/12/2011 00:00;8.249150804
14/12/2011 00:00;7.936283384
17/12/2011 00:00;7.642399829
20/12/2011 00:00;7.907177914
23/12/2011 00:00;8.169656849
26/12/2011 00:00;8.505957985
29/12/2011 00:00;8.844789594
01/01/2012 00:00;8.917107933
04/01/2012 00:00;8.5831636
07/01/2012 00:00;9.019735261
10/01/2012 00:00;9.461307725
13/01/2012 00:00;9.768831316
16/01/2012 00:00;9.388501174
19/01/2012 00:00;9.379618959
22/01/2012 00:00;9.406265603
25/01/2012 00:00;9.333958282
28/01/2012 00:00;9.576555798
31/01/2012 00:00;9.686121882
03/02/2012 00:00;10.02044632
06/02/2012 00:00;10.20152598
09/02/2012 00:00;10.08324074
12/02/2012 00:00;9.679950635
15/02/2012 00:00;9.836710969
18/02/2012 00:00;9.73873576
21/02/2012 00:00;10.054856
24/02/2012 00:00;10.49478066
27/02/2012 00:00;10.38951247
01/03/2012 00:00;11.00525968
04/03/2012 00:00;10.51750728
07/03/2012 00:00;10.3801804
10/03/2012 00:00;10.63074423
13/03/2012 00:00;11.63003418
16/03/2012 00:00;11.26858888
19/03/2012 00:00;11.2623591
22/03/2012 00:00;11.36240874
25/03/2012 00:00;11.51257533
28/03/2012 01:00;11.56577577
31/03/2012 01:00;11.82900504
03/04/2012 01:00;11.68712483
06/04/2012 01:00;11.29679587
09/04/2012 01:00;10.58063907
12/04/2012 01:00;11.05422663
15/04/2012 01:00;11.23043513
18/04/2012 01:00;10.54058835
21/04/2012 01:00;10.73486966
24/04/2012 01:00;11.4184052
27/04/2012 01:00;11.3623777
30/04/2012 01:00;11.17024035
03/05/2012 01:00;11.96521692
06/05/2012 01:00;12.2666139
09/05/2012 01:00;12.42731189
12/05/2012 01:00;12.64342618
15/05/2012 01:00;12.36856567
18/05/2012 01:00;11.02825124
21/05/2012 01:00;11.52058389
24/05/2012 01:00;11.32365083
27/05/2012 01:00;10.79952112
30/05/2012 01:00;10.93591683
02/06/2012 01:00;11.18597681
05/06/2012 01:00;11.50234788
08/06/2012 01:00;11.8300179
11/06/2012 01:00;12.0370979
14/06/2012 01:00;12.01152492
17/06/2012 01:00;12.26598795
20/06/2012 01:00;12.6932176
23/06/2012 01:00;12.33499121
26/06/2012 01:00;12.51723202
29/06/2012 01:00;12.76386298
02/07/2012 01:00;12.4818564
05/07/2012 01:00;12.53448055
08/07/2012 01:00;13.14301117
11/07/2012 01:00;13.54486955
14/07/2012 01:00;13.54486955
17/07/2012 01:00;13.01003999
20/07/2012 01:00;13.79249216
23/07/2012 01:00;13.75625939
26/07/2012 01:00;13.73126462
29/07/2012 01:00;14.8446104
01/08/2012 01:00;15.40145105
04/08/2012 01:00;15.5432419
07/08/2012 01:00;14.99849676
10/08/2012 01:00;15.7216644
13/08/2012 01:00;16.23937818
16/08/2012 01:00;17.16315851
19/08/2012 01:00;17.12975721
22/08/2012 01:00;17.7987668
25/08/2012 01:00;17.82988352
28/08/2012 01:00;18.03195132
31/08/2012 01:00;18.54599769
03/09/2012 01:00;18.75337889
06/09/2012 01:00;19.15201818
09/09/2012 01:00;20.63748681
12/09/2012 01:00;21.35228908
15/09/2012 01:00;19.95435567
18/09/2012 01:00;20.56656984
21/09/2012 01:00;20.99284413
24/09/2012 01:00;22.13229006
27/09/2012 01:00;21.94642792
30/09/2012 01:00;21.80405073
03/10/2012 01:00;21.43793793
06/10/2012 01:00;21.13559157
09/10/2012 01:00;21.26974888
12/10/2012 01:00;21.97433723
15/10/2012 01:00;22.40818397
18/10/2012 01:00;22.20897793
21/10/2012 01:00;22.63454363
24/10/2012 01:00;22.99616322
27/10/2012 01:00;22.99616322
30/10/2012 00:00;23.93433686
02/11/2012 00:00;24.45680662
05/11/2012 00:00;23.88593548
08/11/2012 00:00;24.14628575
11/11/2012 00:00;25.17877999
14/11/2012 00:00;24.36685165
17/11/2012 00:00;23.55039314
20/11/2012 00:00;23.4447252
23/11/2012 00:00;24.49734552
26/11/2012 00:00;24.66480784
29/11/2012 00:00;25.95652087
02/12/2012 00:00;26.18266273
05/12/2012 00:00;25.27604426
08/12/2012 00:00;23.42002555
11/12/2012 00:00;22.10127542
14/12/2012 00:00;22.78033607
17/12/2012 00:00;21.34595108
20/12/2012 00:00;20.7740481
23/12/2012 00:00;21.13304662
26/12/2012 00:00;21.63564456
29/12/2012 00:00;23.30971664
01/01/2013 00:00;23.29684709
04/01/2013 00:00;23.65664676
07/01/2013 00:00;22.85257469
10/01/2013 00:00;22.47556796
13/01/2013 00:00;21.86121764
16/01/2013 00:00;21.29967359
19/01/2013 00:00;20.6073765
22/01/2013 00:00;21.16121417
25/01/2013 00:00;22.01504724
28/01/2013 00:00;22.1280258
31/01/2013 00:00;22.30539592
03/02/2013 00:00;23.42283561
06/02/2013 00:00;24.8726576
09/02/2013 00:00;25.14463356
12/02/2013 00:00;25.2377553
15/02/2013 00:00;25.00514926
18/02/2013 00:00;27.30794906
21/02/2013 00:00;29.59510131
24/02/2013 00:00;30.77256206
27/02/2013 00:00;31.2945395
02/03/2013 00:00;32.12481166
05/03/2013 00:00;33.41230617
08/03/2013 00:00;34.08914211
11/03/2013 00:00;35.36089355
14/03/2013 00:00;34.46136204
17/03/2013 00:00;38.22467566
20/03/2013 00:00;42.98902391
23/03/2013 00:00;47.85131533
26/03/2013 00:00;52.65649086
29/03/2013 00:00;53.68090657
01/04/2013 01:00;52.40030936
04/04/2013 01:00;59.67548843
07/04/2013 01:00;59.22531031
10/04/2013 01:00;60.26299447
13/04/2013 01:00;64.73359302
16/04/2013 01:00;63.80727056
19/04/2013 01:00;66.69336865
22/04/2013 01:00;68.01745473
25/04/2013 01:00;70.29492659
28/04/2013 01:00;73.92757465
01/05/2013 01:00;75.22107937
04/05/2013 01:00;73.88575317
07/05/2013 01:00;75.27739834
10/05/2013 01:00;80.35790716
13/05/2013 01:00;85.00907721
16/05/2013 01:00;86.74510902
19/05/2013 01:00;86.38343731
22/05/2013 01:00;82.70322426
25/05/2013 01:00;85.56327812
28/05/2013 01:00;94.27157207
31/05/2013 01:00;99.52252389
03/06/2013 01:00;108.6605801
06/06/2013 01:00;123.8833178
09/06/2013 01:00;132.342721
12/06/2013 01:00;136.5337967
15/06/2013 01:00;139.193546
18/06/2013 01:00;143.4983815
21/06/2013 01:00;137.7097321
24/06/2013 01:00;149.9721199
27/06/2013 01:00;157.5256608
30/06/2013 01:00;160.3571893
03/07/2013 01:00;168.0375139
06/07/2013 01:00;175.2995432
09/07/2013 01:00;187.8750506
12/07/2013 01:00;203.8510744
15/07/2013 01:00;209.212084
18/07/2013 01:00;218.3088907
21/07/2013 01:00;222.0247868
24/07/2013 01:00;237.8693025
27/07/2013 01:00;247.2180145
30/07/2013 01:00;249.0506518
02/08/2013 01:00;278.5726988
05/08/2013 01:00;298.2627314
08/08/2013 01:00;324.086807
11/08/2013 01:00;355.031657
14/08/2013 01:00;395.3663822
17/08/2013 01:00;417.6460719
20/08/2013 01:00;449.9524544
23/08/2013 01:00;479.5403463
26/08/2013 01:00;510.1153164
29/08/2013 01:00;540.6423123
01/09/2013 01:00;584.5862042
04/09/2013 01:00;661.1613938
07/09/2013 01:00;725.4965437
10/09/2013 01:00;723.4877769
13/09/2013 01:00;796.3840345
16/09/2013 01:00;895.8337967
19/09/2013 01:00;935.2841392
22/09/2013 01:00;1003.784054
25/09/2013 01:00;1082.96702
28/09/2013 01:00;1244.744003
01/10/2013 01:00;1285.237482
04/10/2013 01:00;1327.38432
07/10/2013 01:00;1465.746416
10/10/2013 01:00;1563.787432
13/10/2013 01:00;1697.692472
16/10/2013 01:00;1998.787574
19/10/2013 01:00;2338.404231
22/10/2013 01:00;2628.205873
25/10/2013 01:00;2810.098723
28/10/2013 00:00;3154.265107
31/10/2013 00:00;3374.437282
03/11/2013 00:00;3678.422494
06/11/2013 00:00;3825.559394
09/11/2013 00:00;3802.868954
12/11/2013 00:00;3933.395133
15/11/2013 00:00;4295.967252
18/11/2013 00:00;4826.532482
21/11/2013 00:00;4837.318485
24/11/2013 00:00;4981.782593
27/11/2013 00:00;4999.095478
30/11/2013 00:00;5370.127723
03/12/2013 00:00;5747.66581
06/12/2013 00:00;6234.333072
09/12/2013 00:00;6445.325811
12/12/2013 00:00;7078.181464
15/12/2013 00:00;7626.34587
18/12/2013 00:00;8114.884685
21/12/2013 00:00;9005.070763
24/12/2013 00:00;9414.272755
27/12/2013 00:00;9731.244642
30/12/2013 00:00;9770.024596
02/01/2014 00:00;10323.51955
05/01/2014 00:00;10582.9204
08/01/2014 00:00;11760.62969
11/01/2014 00:00;12813.23626
14/01/2014 00:00;14305.12696
17/01/2014 00:00;15285.62766
20/01/2014 00:00;15605.92598
23/01/2014 00:00;15821.96893
26/01/2014 00:00;16994.94476
29/01/2014 00:00;17732.34765
01/02/2014 00:00;17822.99199
04/02/2014 00:00;19271.88906
07/02/2014 00:00;20656.48075
10/02/2014 00:00;21087.88513
13/02/2014 00:00;21315.11098
16/02/2014 00:00;22134.20695
19/02/2014 00:00;24359.78848
22/02/2014 00:00;26123.49597
25/02/2014 00:00;27225.08711
28/02/2014 00:00;27313.98535
03/03/2014 00:00;29032.72098
06/03/2014 00:00;29164.00877
09/03/2014 00:00;29671.47449
12/03/2014 00:00;31486.98937
15/03/2014 00:00;32057.97613
18/03/2014 00:00;33824.37064
21/03/2014 00:00;33714.16826
24/03/2014 00:00;36430.6187
27/03/2014 00:00;38996.44354
30/03/2014 00:00;41705.37043
02/04/2014 01:00;41778.36545
05/04/2014 01:00;44836.18624
08/04/2014 01:00;47780.19966
11/04/2014 01:00;48128.63571
14/04/2014 01:00;49108.70777
17/04/2014 01:00;52541.97141
20/04/2014 01:00;55940.88978
23/04/2014 01:00;55738.05725
26/04/2014 01:00;56994.02461
29/04/2014 01:00;57043.58463
02/05/2014 01:00;59124.3279
05/05/2014 01:00;60375.43246
08/05/2014 01:00;62954.26662
11/05/2014 01:00;63920.17144
14/05/2014 01:00;67604.47014
17/05/2014 01:00;71358.1518
20/05/2014 01:00;74314.99306
23/05/2014 01:00;76704.13835
26/05/2014 01:00;77693.31191
29/05/2014 01:00;79388.73574
01/06/2014 01:00;79597.02104
04/06/2014 01:00;86799.36343
07/06/2014 01:00;88537.81468
10/06/2014 01:00;87321.39742
13/06/2014 01:00;88915.53635
16/06/2014 01:00;95511.14891
19/06/2014 01:00;105251.717
22/06/2014 01:00;113782.959
25/06/2014 01:00;118931.4626
28/06/2014 01:00;122564.4173
01/07/2014 01:00;124527.4699
04/07/2014 01:00;120435.8687
07/07/2014 01:00;118958.0069
10/07/2014 01:00;125885.2804
13/07/2014 01:00;128751.7384
16/07/2014 01:00;128806.1563
19/07/2014 01:00;134448.4799
22/07/2014 01:00;138379.3318
25/07/2014 01:00;133947.2535
28/07/2014 01:00;131646.2068
31/07/2014 01:00;138928.4508
03/08/2014 01:00;145962.6768
06/08/2014 01:00;142370.1587
09/08/2014 01:00;142042.1068
12/08/2014 01:00;156186.9054
15/08/2014 01:00;168551.6459
18/08/2014 01:00;166590.1139
21/08/2014 01:00;173869.381
24/08/2014 01:00;185549.6474
27/08/2014 01:00;187620.0106
30/08/2014 01:00;191175.9856
02/09/2014 01:00;205492.2852
05/09/2014 01:00;210825.0291
08/09/2014 01:00;214261.8716
11/09/2014 01:00;212119.2529
14/09/2014 01:00;215235.7892
17/09/2014 01:00;230941.5697
20/09/2014 01:00;251183.753
23/09/2014 01:00;256320.1904
26/09/2014 01:00;242339.0891
29/09/2014 01:00;237192.7421
02/10/2014 01:00;244492.4536
05/10/2014 01:00;247623.8573
08/10/2014 01:00;262392.6759
11/10/2014 01:00;262629.4035
14/10/2014 01:00;254597.3328
17/10/2014 01:00;258511.7331
20/10/2014 01:00;255280.3365
23/10/2014 01:00;257517.4572
26/10/2014 01:00;261957.9967
29/10/2014 00:00;269178.8897
01/11/2014 00:00;277528.2123
04/11/2014 00:00;289794.6526
07/11/2014 00:00;298142.2085
10/11/2014 00:00;290766.3526
13/11/2014 00:00;286306.5269
16/11/2014 00:00;285462.7945
19/11/2014 00:00;287993.9917
22/11/2014 00:00;281806.1041
25/11/2014 00:00;286019.9368
28/11/2014 00:00;280465.5523
01/12/2014 00:00;291626.9365
04/12/2014 00:00;285903.1498
07/12/2014 00:00;286699.9065
10/12/2014 00:00;277260.3304
13/12/2014 00:00;286100.5156
16/12/2014 00:00;289225.7447
19/12/2014 00:00;274761.561
22/12/2014 00:00;271171.9834
25/12/2014 00:00;277685.488
28/12/2014 00:00;297019.7955
31/12/2014 00:00;309909.3338
03/01/2015 00:00;318714.726
06/01/2015 00:00;323459.8598
09/01/2015 00:00;316894.2242
12/01/2015 00:00;302463.704
15/01/2015 00:00;297101.5732
18/01/2015 00:00;306288.2272
21/01/2015 00:00;312263.311
24/01/2015 00:00;303519.9383
27/01/2015 00:00;282598.2964
30/01/2015 00:00;296921.4384
02/02/2015 00:00;317069.2015
05/02/2015 00:00;315666.4983
08/02/2015 00:00;324459.4369
11/02/2015 00:00;325783.7947
14/02/2015 00:00;318705.117
17/02/2015 00:00;324853.935
20/02/2015 00:00;338744.6766
23/02/2015 00:00;345058.6501
26/02/2015 00:00;338305.8581
01/03/2015 00:00;335436.4235
04/03/2015 00:00;347109.3574
07/03/2015 00:00;337495.0581
10/03/2015 00:00;336202.5437
13/03/2015 00:00;346865.6791
16/03/2015 00:00;337478.8311
19/03/2015 00:00;326027.4536
22/03/2015 00:00;333100.3632
25/03/2015 00:00;342699.2978
28/03/2015 00:00;361125.7289
31/03/2015 01:00;363944.166
03/04/2015 01:00;349346.5878
06/04/2015 01:00;346632.8094
09/04/2015 01:00;345894.1291
12/04/2015 01:00;344119.0779
15/04/2015 01:00;342714.5102
18/04/2015 01:00;339554.233
21/04/2015 01:00;346928.2132
24/04/2015 01:00;348565.8874
27/04/2015 01:00;350074.0497
30/04/2015 01:00;333033.2842
03/05/2015 01:00;338104.857
06/05/2015 01:00;331409.4454
09/05/2015 01:00;346053.3453
12/05/2015 01:00;341721.4033
15/05/2015 01:00;342398.0794
18/05/2015 01:00;365143.5211
21/05/2015 01:00;350303.9655
24/05/2015 01:00;347644.5787
27/05/2015 01:00;338632.8548
30/05/2015 01:00;337593.0405
02/06/2015 01:00;338632.8548
05/06/2015 01:00;341152.7355
08/06/2015 01:00;351645.1766
11/06/2015 01:00;362626.6972
14/06/2015 01:00;363978.5209
17/06/2015 01:00;352646.7784
20/06/2015 01:00;362174.7752
23/06/2015 01:00;347242.6248
26/06/2015 01:00;359593.7344
29/06/2015 01:00;361711.0675
02/07/2015 01:00;354835.5803
05/07/2015 01:00;361303.8832
08/07/2015 01:00;373630.5241
11/07/2015 01:00;373981.3509
14/07/2015 01:00;362611.5954
17/07/2015 01:00;363853.4614
20/07/2015 01:00;370334.1942
23/07/2015 01:00;367795.1743
26/07/2015 01:00;379982.6239
29/07/2015 01:00;386597.3152
01/08/2015 01:00;376078.946
04/08/2015 01:00;384246.5045
07/08/2015 01:00;377563.9566
10/08/2015 01:00;368785.4997
13/08/2015 01:00;388746.1137
16/08/2015 01:00;381356.8742
19/08/2015 01:00;365264.2878
22/08/2015 01:00;385847.8286
25/08/2015 01:00;399023.0437
28/08/2015 01:00;400167.1031
31/08/2015 01:00;407263.8701
03/09/2015 01:00;413043.3953
06/09/2015 01:00;415387.5812
09/09/2015 01:00;415620.883
12/09/2015 01:00;431987.7009
15/09/2015 01:00;427538.3894
18/09/2015 01:00;429156.3209
21/09/2015 01:00;414405.2595
24/09/2015 01:00;410138.505
27/09/2015 01:00;430216.773
30/09/2015 01:00;448756.9669
03/10/2015 01:00;441993.6251
06/10/2015 01:00;453468.7881
09/10/2015 01:00;430567.5198
12/10/2015 01:00;432294.9723
15/10/2015 01:00;429703.7936
18/10/2015 01:00;442884.8037
21/10/2015 01:00;448285.76
24/10/2015 01:00;442308.8661
27/10/2015 00:00;444903.053
30/10/2015 00:00;451963.8497
02/11/2015 00:00;468259.4999
05/11/2015 00:00;477904.2708
08/11/2015 00:00;471272.8517
11/11/2015 00:00;457125.8242
14/11/2015 00:00;491295.5187
17/11/2015 00:00;513536.8349
20/11/2015 00:00;505496.3737
23/11/2015 00:00;527474.4769
26/11/2015 00:00;537269.3457
29/11/2015 00:00;550227.3432
02/12/2015 00:00;573246.6611
05/12/2015 00:00;558786.385
08/12/2015 00:00;585252.0281
11/12/2015 00:00;634659.5167
14/12/2015 00:00;659486.2288
17/12/2015 00:00;687573.3766
20/12/2015 00:00;667413.1818
23/12/2015 00:00;684351.2456
26/12/2015 00:00;708085.3785
29/12/2015 00:00;750557.2288
01/01/2016 00:00;770515.4892
04/01/2016 00:00;739322.7071
07/01/2016 00:00;766473.2316
10/01/2016 00:00;812210.8066
13/01/2016 00:00;833604.1884
16/01/2016 00:00;826381.991
19/01/2016 00:00;822925.0518
22/01/2016 00:00;809006.7387
25/01/2016 00:00;896749.7581
28/01/2016 00:00;928737.431
31/01/2016 00:00;965900.4615
03/02/2016 00:00;995618.1718
06/02/2016 00:00;1052729.831
09/02/2016 00:00;1113096.366
12/02/2016 00:00;1209706.714
15/02/2016 00:00;1210727.404
18/02/2016 00:00;1147274.235
21/02/2016 00:00;1160506.345
24/02/2016 00:00;1126289.285
27/02/2016 00:00;1122716.597
01/03/2016 00:00;1123877.627
04/03/2016 00:00;1141293.087
07/03/2016 00:00;1159514.559
10/03/2016 00:00;1182661.475
13/03/2016 00:00;1194819.639
16/03/2016 00:00;1201570.033
19/03/2016 00:00;1156745.272
22/03/2016 00:00;1160553.648
25/03/2016 00:00;1176445.598
28/03/2016 01:00;1201126.275
31/03/2016 01:00;1254013.44
03/04/2016 01:00;1220341.058
06/04/2016 01:00;1218889.999
09/04/2016 01:00;1246504.838
12/04/2016 01:00;1277311.992
15/04/2016 01:00;1319607.317
18/04/2016 01:00;1313989.786
21/04/2016 01:00;1339935.296
24/04/2016 01:00;1320902.125
27/04/2016 01:00;1285373.537
30/04/2016 01:00;1239654.152
03/05/2016 01:00;1309380.489
06/05/2016 01:00;1384198.438
09/05/2016 01:00;1404498.323
12/05/2016 01:00;1404003.342
15/05/2016 01:00;1410311.676
18/05/2016 01:00;1364319.777
21/05/2016 01:00;1364319.777
24/05/2016 01:00;1477438.302
27/05/2016 01:00;1502286.331
30/05/2016 01:00;1441462.063
02/06/2016 01:00;1375776.662
05/06/2016 01:00;1361622.581
08/06/2016 01:00;1452208.698
11/06/2016 01:00;1482798.328
14/06/2016 01:00;1476356.503
17/06/2016 01:00;1452193.671
20/06/2016 01:00;1506494.297
23/06/2016 01:00;1524578.422
26/06/2016 01:00;1536803.643
29/06/2016 01:00;1499324.11
02/07/2016 01:00;1579645.045
05/07/2016 01:00;1574951.627
08/07/2016 01:00;1554081.053
11/07/2016 01:00;1551816.136
14/07/2016 01:00;1521507.227
17/07/2016 01:00;1524538.118
20/07/2016 01:00;1500475.064
23/07/2016 01:00;1508326.076
26/07/2016 01:00;1408466.163
29/07/2016 01:00;1382692.293
01/08/2016 01:00;1434240.032
04/08/2016 01:00;1539535.451
07/08/2016 01:00;1629641.011
10/08/2016 01:00;1547003.294
13/08/2016 01:00;1491087.512
16/08/2016 01:00;1521477.131
19/08/2016 01:00;1546812.846
22/08/2016 01:00;1593082.752
25/08/2016 01:00;1676441.733
28/08/2016 01:00;1586908.012
31/08/2016 01:00;1589814.836
03/09/2016 01:00;1621724.989
06/09/2016 01:00;1628830.76
09/09/2016 01:00;1614721.542
12/09/2016 01:00;1620992.306
15/09/2016 01:00;1727836.82
18/09/2016 01:00;1767828.811
21/09/2016 01:00;1674309.477
24/09/2016 01:00;1663083.264
27/09/2016 01:00;1804386.934
30/09/2016 01:00;1854675.199
03/10/2016 01:00;1803859.576
06/10/2016 01:00;1815851.045
09/10/2016 01:00;1891426.406
12/10/2016 01:00;1897250.873
15/10/2016 01:00;1839562.571
18/10/2016 01:00;1734916.796
21/10/2016 01:00;1740424.469
24/10/2016 01:00;1820178.174
27/10/2016 01:00;1833053.461
30/10/2016 01:00;1851491.358
02/11/2016 00:00;1912727.453
05/11/2016 00:00;1826276.495
08/11/2016 00:00;1800654.255
11/11/2016 00:00;1895952.179
14/11/2016 00:00;1996227.276
17/11/2016 00:00;2064937.998
20/11/2016 00:00;2030505.841
23/11/2016 00:00;1985338.105
26/11/2016 00:00;2017209.539
29/11/2016 00:00;2119270.736
02/12/2016 00:00;2107263.536
05/12/2016 00:00;2151639.916
08/12/2016 00:00;2208481.845
11/12/2016 00:00;2136244.081
14/12/2016 00:00;2282869.032
17/12/2016 00:00;2187573.245
20/12/2016 00:00;2182935.161
23/12/2016 00:00;2262016.179
26/12/2016 00:00;2343510.433
29/12/2016 00:00;2380918.585
01/01/2017 00:00;2420681.793
04/01/2017 00:00;2479403.038
07/01/2017 00:00;2443306.179
10/01/2017 00:00;2393672.997
13/01/2017 00:00;2523147.513
16/01/2017 00:00;2641887.48
19/01/2017 00:00;2729823.999
22/01/2017 00:00;2844663.221
25/01/2017 00:00;2952040.673
28/01/2017 00:00;3053427.684
31/01/2017 00:00;3044561.702
03/02/2017 00:00;3150605.097
06/02/2017 00:00;3113197.005
09/02/2017 00:00;3030498.458
12/02/2017 00:00;3108957.511
15/02/2017 00:00;3222882.666
18/02/2017 00:00;3159924.028
21/02/2017 00:00;3190296.409
24/02/2017 00:00;3147790.987
27/02/2017 00:00;3399379.791
02/03/2017 00:00;3449462.735
05/03/2017 00:00;3361582.214
08/03/2017 00:00;3321030.015
11/03/2017 00:00;3344125.478
14/03/2017 00:00;3429201.077
17/03/2017 00:00;3455378.185
20/03/2017 00:00;3561598.223
23/03/2017 00:00;3595072.83
26/03/2017 00:00;3587653.559
29/03/2017 01:00;3618057.403
01/04/2017 01:00;3506716.603
04/04/2017 01:00;3704147.33
07/04/2017 01:00;3672333.296
10/04/2017 01:00;3789422.184
13/04/2017 01:00;3768133.296
16/04/2017 01:00;3727936.32
19/04/2017 01:00;3636471.778
22/04/2017 01:00;3809461.38
25/04/2017 01:00;3761380.799
28/04/2017 01:00;3836567.889
01/05/2017 01:00;3821883.55
04/05/2017 01:00;3881003.761
07/05/2017 01:00;3914364.825
10/05/2017 01:00;4073756.575
13/05/2017 01:00;4221326.561
16/05/2017 01:00;4268826.867
19/05/2017 01:00;4274860.982
22/05/2017 01:00;4274860.982
25/05/2017 01:00;4400811.961
28/05/2017 01:00;4576075.581
31/05/2017 01:00;4794765.227
03/06/2017 01:00;4837084.426
06/06/2017 01:00;5167926.41
09/06/2017 01:00;5315464.143
12/06/2017 01:00;5220268.568
15/06/2017 01:00;4969618.554
18/06/2017 01:00;4950512.174
21/06/2017 01:00;5052025.489
24/06/2017 01:00;5145067.927
27/06/2017 01:00;4988391.006
30/06/2017 01:00;4942904.158
03/07/2017 01:00;5333067.905
06/07/2017 01:00;5535157.712
09/07/2017 01:00;5611261.893
12/07/2017 01:00;5596164.328
15/07/2017 01:00;5861899.508
18/07/2017 01:00;5848067.996
21/07/2017 01:00;6016114.579
24/07/2017 01:00;6341773.203
27/07/2017 01:00;6404619.605
30/07/2017 01:00;6501258.799
02/08/2017 01:00;6350028.429
05/08/2017 01:00;6518130.266
08/08/2017 01:00;6646415.866
11/08/2017 01:00;6749801.502
14/08/2017 01:00;6519361.849
17/08/2017 01:00;6379288.902
20/08/2017 01:00;6812005.313
23/08/2017 01:00;6182599.625
26/08/2017 01:00;5496342.446
29/08/2017 01:00;5353592.71
01/09/2017 01:00;6118103.511
04/09/2017 01:00;6944362.851
07/09/2017 01:00;7539158.186
10/09/2017 01:00;7786592.785
13/09/2017 01:00;7745290.322
16/09/2017 01:00;7948423.994
19/09/2017 01:00;8052399.125
22/09/2017 01:00;7953567.899
25/09/2017 01:00;8039495.313
28/09/2017 01:00;8117852.967
01/10/2017 01:00;8141360.264
04/10/2017 01:00;8620716.497
07/10/2017 01:00;8093774.808
10/10/2017 01:00;8795148.103
13/10/2017 01:00;8874958.884
16/10/2017 01:00;8760461.405
19/10/2017 01:00;9245168.606
22/10/2017 01:00;10147786.81
25/10/2017 01:00;10037300.02
28/10/2017 01:00;10222239.67
31/10/2017 00:00;9904229.242
03/11/2017 00:00;9151439.67
06/11/2017 00:00;9636352.483
09/11/2017 00:00;10038726.94
12/11/2017 00:00;9438552.351
15/11/2017 00:00;8374026.663
18/11/2017 00:00;8710769.257
21/11/2017 00:00;10367656.4
24/11/2017 00:00;10571133.77
27/11/2017 00:00;10466026.6
30/11/2017 00:00;10675597.38
03/12/2017 00:00;11124893.2
06/12/2017 00:00;11660571.64
09/12/2017 00:00;12250080.26
12/12/2017 00:00;13045585.15
15/12/2017 00:00;13466860.99
18/12/2017 00:00;13817089.76
21/12/2017 00:00;14113591.52
24/12/2017 00:00;13848863.35
27/12/2017 00:00;13182080.72
30/12/2017 00:00;13807265.17
02/01/2018 00:00;14403625.44
05/01/2018 00:00;15259817.61
08/01/2018 00:00;15428139.72
11/01/2018 00:00;15592706.55
14/01/2018 00:00;16468932.15
17/01/2018 00:00;17062630.2
20/01/2018 00:00;17687863.12
23/01/2018 00:00;18921900.08
26/01/2018 00:00;19532771.53
29/01/2018 00:00;19835912.44
01/02/2018 00:00;19594807.85
04/02/2018 00:00;19890578.53
07/02/2018 00:00;21327603.84
10/02/2018 00:00;21410144.29
13/02/2018 00:00;21169737.44
16/02/2018 00:00;21822998.38
19/02/2018 00:00;22619160.15
22/02/2018 00:00;22155981.44
25/02/2018 00:00;22674608.89
28/02/2018 00:00;23129455.07
03/03/2018 00:00;23343023.45
06/03/2018 00:00;24069842.79
09/03/2018 00:00;24918422.58
12/03/2018 00:00;24840322.33
15/03/2018 00:00;24863690.46
18/03/2018 00:00;24887058.59
21/03/2018 00:00;24504394.82
24/03/2018 00:00;24653093.04
27/03/2018 01:00;24490774.32
30/03/2018 01:00;24908789.54
02/04/2018 01:00;25653102.32
05/04/2018 01:00;26526747.48
08/04/2018 01:00;27476916.43
11/04/2018 01:00;27252513.3
14/04/2018 01:00;28224926.85
17/04/2018 01:00;28081059.67
20/04/2018 01:00;29770217.79
23/04/2018 01:00;29909466.52
26/04/2018 01:00;29146052.61
29/04/2018 01:00;27778760.67
02/05/2018 01:00;28362730.68
05/05/2018 01:00;29362271.6
08/05/2018 01:00;29562209.25
11/05/2018 01:00;29676459.33
14/05/2018 01:00;30171351.48
17/05/2018 01:00;30795200.34
20/05/2018 01:00;30575293.66
23/05/2018 01:00;31340411.69
26/05/2018 01:00;32357235.31
29/05/2018 01:00;33709958.19
01/06/2018 01:00;34898238.81
04/06/2018 01:00;34255939.94
07/06/2018 01:00;36806214.5
10/06/2018 01:00;37002587.21
13/06/2018 01:00;34735390.61
16/06/2018 01:00;35226598.16
19/06/2018 01:00;37928239.65
22/06/2018 01:00;39762894.32
25/06/2018 01:00;40441645.5
28/06/2018 01:00;38798076.91
01/07/2018 01:00;37644230.76
04/07/2018 01:00;35642491.8
07/07/2018 01:00;36590525.8
10/07/2018 01:00;37975716.12
13/07/2018 01:00;39423135.59
16/07/2018 01:00;36947286.49
19/07/2018 01:00;37766752.67
22/07/2018 01:00;38873815.4
25/07/2018 01:00;42035153.36
28/07/2018 01:00;42402914.98
31/07/2018 01:00;42742938.89
03/08/2018 01:00;43330461.8
06/08/2018 01:00;45883210.8
09/08/2018 01:00;46221208.67
12/08/2018 01:00;46521092.49
15/08/2018 01:00;47856434.1
18/08/2018 01:00;48862992.06
21/08/2018 01:00;48186682.04
24/08/2018 01:00;48277429.08
27/08/2018 01:00;49000382.03
30/08/2018 01:00;51007110.46
02/09/2018 01:00;53028219.01
05/09/2018 01:00;48394221.49
08/09/2018 01:00;47988724.25
11/09/2018 01:00;49347584.83
14/09/2018 01:00;52636033.19
17/09/2018 01:00;49996152.17
20/09/2018 01:00;49447839.44
23/09/2018 01:00;51389369.57
26/09/2018 01:00;54374065.73
29/09/2018 01:00;53740253.4
02/10/2018 01:00;54756137.2
05/10/2018 01:00;54016485.12
08/10/2018 01:00;51211672.01
11/10/2018 01:00;50515184.99
14/10/2018 01:00;52041213.87
17/10/2018 01:00;52252978.72
20/10/2018 01:00;51051519.75
23/10/2018 01:00;51214865.44
26/10/2018 01:00;50090631.11
29/10/2018 00:00;49886595.95
01/11/2018 00:00;51977956.32
04/11/2018 00:00;54123853.77
07/11/2018 00:00;51832813.5
10/11/2018 00:00;47652507.45
13/11/2018 00:00;47091289.49
16/11/2018 00:00;47244348.93
19/11/2018 00:00;45715818.25
22/11/2018 00:00;42714092.65
25/11/2018 00:00;41389434.85
28/11/2018 00:00;40822456.29
01/12/2018 00:00;39499506.32
04/12/2018 00:00;37757484.1
07/12/2018 00:00;37191010.3
10/12/2018 00:00;35969936.15
13/12/2018 00:00;35005336.73
16/12/2018 00:00;37010224.29
19/12/2018 00:00;38029757.88
22/12/2018 00:00;37486502.69
25/12/2018 00:00;38725392.66
28/12/2018 00:00;41086085.89
31/12/2018 00:00;40723454.95
03/01/2019 00:00;41499587.18
06/01/2019 00:00;42762992.72
09/01/2019 00:00;42653392.38
12/01/2019 00:00;43172095.94
15/01/2019 00:00;42592390.9
18/01/2019 00:00;39460857.63
21/01/2019 00:00;40467000.62
24/01/2019 00:00;40991036.15
27/01/2019 00:00;43163853.56
30/01/2019 00:00;42667170.65
02/02/2019 00:00;42571473.9
05/02/2019 00:00;42283653.51
08/02/2019 00:00;44265699.76
11/02/2019 00:00;44881391.03
14/02/2019 00:00;44306824.51
17/02/2019 00:00;42190406.29
20/02/2019 00:00;44810549.23
23/02/2019 00:00;44380092.46
26/02/2019 00:00;42628200.63
01/03/2019 00:00;44684496.38
04/03/2019 00:00;44628180.42
07/03/2019 00:00;43291490.96
10/03/2019 00:00;42515348.69
13/03/2019 00:00;42034451.38
16/03/2019 00:00;43189370.05
19/03/2019 00:00;45511523.43
22/03/2019 00:00;47450934.94
25/03/2019 00:00;47511942.71
28/03/2019 00:00;45660541.98
31/03/2019 00:00;45880050.98
03/04/2019 01:00;45891071.53
06/04/2019 01:00;45800467.24
09/04/2019 01:00;46463226.78
12/04/2019 01:00;46415319.09
15/04/2019 01:00;45082048.6
18/04/2019 01:00;45082048.6
21/04/2019 01:00;44582650.28
24/04/2019 01:00;44471034.32
27/04/2019 01:00;45158438.97
30/04/2019 01:00;46740007.61
03/05/2019 01:00;50033463.75
06/05/2019 01:00;48827339.21
09/05/2019 01:00;47908384.97
12/05/2019 01:00;45881810.27
15/05/2019 01:00;49213476.99
18/05/2019 01:00;50117786.52
21/05/2019 01:00;51172297.31
24/05/2019 01:00;52656109.68
27/05/2019 01:00;52231162.98
30/05/2019 01:00;53373868.46
02/06/2019 01:00;53764035.53
05/06/2019 01:00;51549891.84
08/06/2019 01:00;54563917.45
11/06/2019 01:00;55994233.74
14/06/2019 01:00;53557398.59
17/06/2019 01:00;54248595.79
20/06/2019 01:00;56304637.07
23/06/2019 01:00;53722574.63
26/06/2019 01:00;57826747.81
29/06/2019 01:00;59739282.95
02/07/2019 01:00;59910359.25
05/07/2019 01:00;63617010.32
08/07/2019 01:00;65363801.56
11/07/2019 01:00;66436142.99
14/07/2019 01:00;64282328.42
17/07/2019 01:00;65398734.03
20/07/2019 01:00;62180292.39
23/07/2019 01:00;65527471.69
26/07/2019 01:00;66422512.07
29/07/2019 01:00;69400228.24
01/08/2019 01:00;71948489.16
04/08/2019 01:00;72972666.94
07/08/2019 01:00;74077368.97
10/08/2019 01:00;74566507.45
13/08/2019 01:00;73747045.07
16/08/2019 01:00;74456151.27
19/08/2019 01:00;70938762.02
22/08/2019 01:00;72283871.86
25/08/2019 01:00;74482723.33
28/08/2019 01:00;73547109
31/08/2019 01:00;76873723.57
03/09/2019 01:00;78440212.48
06/09/2019 01:00;81396021.8
09/09/2019 01:00;84070180.8
12/09/2019 01:00;88889490.53
15/09/2019 01:00;89554384.75
18/09/2019 01:00;89597236.25
21/09/2019 01:00;91702566.29
24/09/2019 01:00;90098193.59
27/09/2019 01:00;91434682.17
30/09/2019 01:00;89341776.99
03/10/2019 01:00;91433868.64
06/10/2019 01:00;91428958.51
09/10/2019 01:00;96593924.45
12/10/2019 01:00;98269788.06
15/10/2019 01:00;94280759.2
18/10/2019 01:00;93485053.29
21/10/2019 01:00;95055454.39
24/10/2019 01:00;101132725.1
27/10/2019 01:00;99339894.8
30/10/2019 00:00;92695122.52
02/11/2019 00:00;89256768.13
05/11/2019 00:00;90715212.05
08/11/2019 00:00;91861270.5
11/11/2019 00:00;92339819.42
14/11/2019 00:00;90699368.89
17/11/2019 00:00;95931202.12
20/11/2019 00:00;94937564.43
23/11/2019 00:00;90641806.33
26/11/2019 00:00;90238982.02
29/11/2019 00:00;90747073.16
02/12/2019 00:00;87522557.87
05/12/2019 00:00;95261394.56
08/12/2019 00:00;96880815.35
11/12/2019 00:00;96761138.52
14/12/2019 00:00;92907581.85
17/12/2019 00:00;91170136.91
20/12/2019 00:00;92925415.74
23/12/2019 00:00;99947585.94
26/12/2019 00:00;96857362.74
29/12/2019 00:00;94344814.3
01/01/2020 00:00;97011480.59
04/01/2020 00:00;103031752
07/01/2020 00:00;105477457.2
10/01/2020 00:00;108770686.2
13/01/2020 00:00;105144996.7
16/01/2020 00:00;104842225.1
19/01/2020 00:00;106104409.8
22/01/2020 00:00;110810185.5
25/01/2020 00:00;110600317.7
28/01/2020 00:00;110810185.5
31/01/2020 00:00;111739681
03/02/2020 00:00;111681439.2
06/02/2020 00:00;113456448.4
09/02/2020 00:00;109282832.6
12/02/2020 00:00;109340676.4
15/02/2020 00:00;107932589.7
18/02/2020 00:00;111150618.9
21/02/2020 00:00;109631870.5
24/02/2020 00:00;112391988.1
27/02/2020 00:00;109315034.3
01/03/2020 00:00;110892855.2
04/03/2020 00:00;116468614.7
07/03/2020 00:00;121307726.2
10/03/2020 00:00;121936056
13/03/2020 00:00;116070927.6
16/03/2020 00:00;108109035.4
19/03/2020 00:00;101680788.7
22/03/2020 00:00;94157585.88
25/03/2020 00:00;95333086.33
28/03/2020 00:00;100386175.8
31/03/2020 01:00;100495620.1
03/04/2020 01:00;104035696.3
06/04/2020 01:00;106308080.9
09/04/2020 01:00;104926817.7
12/04/2020 01:00;110999326.6
15/04/2020 01:00;115878648.7
18/04/2020 01:00;115054068.8
21/04/2020 01:00;113800073.5
24/04/2020 01:00;109962750.7
27/04/2020 01:00;111554966.9
30/04/2020 01:00;113216514.5
03/05/2020 01:00;113443174.2
06/05/2020 01:00;119472293.1
09/05/2020 01:00;121853507.6
12/05/2020 01:00;121087434.5
15/05/2020 01:00;111966037.4
18/05/2020 01:00;101672938.9
21/05/2020 01:00;93625665.18
24/05/2020 01:00;90689768.7
27/05/2020 01:00;90471236.69
30/05/2020 01:00;94602038.01
02/06/2020 01:00;103202223.3
05/06/2020 01:00;105288528.2
08/06/2020 01:00;110815623.4
11/06/2020 01:00;114994337.9
14/06/2020 01:00;112245343.4
17/06/2020 01:00;110570811.7
20/06/2020 01:00;105926966.6
23/06/2020 01:00;108235120.8
26/06/2020 01:00;112767411.3
29/06/2020 01:00;115793972
02/07/2020 01:00;117362562.9
05/07/2020 01:00;121956640.9
08/07/2020 01:00;125990398
11/07/2020 01:00;124533213.7
14/07/2020 01:00;123224186
17/07/2020 01:00;121358766
20/07/2020 01:00;115473898.1
23/07/2020 01:00;113943058.7
26/07/2020 01:00;120718051.4
29/07/2020 01:00;126940916.2
01/08/2020 01:00;124781881.4
04/08/2020 01:00;122154894.8
07/08/2020 01:00;122394179.6
10/08/2020 01:00;124667385.3
13/08/2020 01:00;126347972.7
16/08/2020 01:00;129075393.2
19/08/2020 01:00;125649848
22/08/2020 01:00;121798511.6
25/08/2020 01:00;123297691.9
28/08/2020 01:00;122017801.8
31/08/2020 01:00;122462847.3
03/09/2020 01:00;126308447.3
06/09/2020 01:00;122193759.5
09/09/2020 01:00;127930089.2
12/09/2020 01:00;131873589.7
15/09/2020 01:00;136485692.1
18/09/2020 01:00;139811607
21/09/2020 01:00;139904505.9
24/09/2020 01:00;136974413.1
27/09/2020 01:00;138914906
30/09/2020 01:00;139905644.7
03/10/2020 01:00;135516448
06/10/2020 01:00;137953248.4
09/10/2020 01:00;140918695.2
12/10/2020 01:00;138141088.9
15/10/2020 01:00;144034012.3
18/10/2020 01:00;146484944
21/10/2020 01:00;139371646.1
24/10/2020 01:00;133536442
27/10/2020 00:00;130791600
30/10/2020 00:00;116022516
02/11/2020 00:00;108779984.4
05/11/2020 00:00;115107145.5
08/11/2020 00:00;121130852.4
11/11/2020 00:00;128159204.2
14/11/2020 00:00;126609372
17/11/2020 00:00;124869930.3
20/11/2020 00:00;128602936.8
23/11/2020 00:00;141076183.2
26/11/2020 00:00;135709930.5
29/11/2020 00:00;133710520.9
02/12/2020 00:00;131996845.8
05/12/2020 00:00;133409747.7
08/12/2020 00:00;137948518.5
11/12/2020 00:00;134275333.1
14/12/2020 00:00;134533587.6
17/12/2020 00:00;132373208.7
20/12/2020 00:00;136823648.1
23/12/2020 00:00;134839542.6
26/12/2020 00:00;134176614.6
29/12/2020 00:00;134096925.5
01/01/2021 00:00;142734576.9
04/01/2021 00:00;146350014.1
07/01/2021 00:00;149387454
10/01/2021 00:00;148690226.4
13/01/2021 00:00;151697118.5
16/01/2021 00:00;153019188.2
19/01/2021 00:00;150294161.3
22/01/2021 00:00;146196560
25/01/2021 00:00;146698957.5
28/01/2021 00:00;148549580.9
31/01/2021 00:00;150095785.5
03/02/2021 00:00;146546722.6
06/02/2021 00:00;152461827.4
09/02/2021 00:00;165861253.1
12/02/2021 00:00;160711290
15/02/2021 00:00;156021049
18/02/2021 00:00;150236854
21/02/2021 00:00;151777618
24/02/2021 00:00;149558391
27/02/2021 00:00;154427502.3
02/03/2021 00:00;154118955.8
05/03/2021 00:00;151187764.5
08/03/2021 00:00;153716875.8
11/03/2021 00:00;155778275.4
14/03/2021 00:00;154598952.2
17/03/2021 00:00;156579037.3
20/03/2021 00:00;157420617.7
23/03/2021 00:00;160766785.1
26/03/2021 00:00;166720074.4
29/03/2021 01:00;166457523.8
01/04/2021 01:00;164904748.4
04/04/2021 01:00;162156064.8
07/04/2021 01:00;164631662
10/04/2021 01:00;167595961.7
13/04/2021 01:00;169731988.6
16/04/2021 01:00;172130189.2
19/04/2021 01:00;150787954.8
22/04/2021 01:00;136207676
25/04/2021 01:00;146198398.7
28/04/2021 01:00;154236798.6
01/05/2021 01:00;159260798.5
04/05/2021 01:00;167961731.5
07/05/2021 01:00;174317609.6
10/05/2021 01:00;177672590.3
13/05/2021 01:00;178989767.6
16/05/2021 01:00;176179075
19/05/2021 01:00;160228122.6
22/05/2021 01:00;146384382.4
25/05/2021 01:00;143716380.3
28/05/2021 01:00;148163050.5
31/05/2021 01:00;150291730.3
03/06/2021 01:00;151415069.7
06/06/2021 01:00;149939087.8
09/06/2021 01:00;150516054.3
12/06/2021 01:00;136316426.6
15/06/2021 01:00;132807547
18/06/2021 01:00;128421919.9
21/06/2021 01:00;120460802.6
24/06/2021 01:00;107438013.2
27/06/2021 01:00;99935754
30/06/2021 01:00;90734870.13
03/07/2021 01:00;84789683.64
06/07/2021 01:00;90819460.56
09/07/2021 01:00;93241612.13
12/07/2021 01:00;97204622.09
15/07/2021 01:00;100774571.5
18/07/2021 01:00;99739876.72
21/07/2021 01:00;102600064.8
24/07/2021 01:00;98947054.62
27/07/2021 01:00;98260624
30/07/2021 01:00;104766021
02/08/2021 01:00;109887906.6
05/08/2021 01:00;109693176.8
08/08/2021 01:00;112005260.9
11/08/2021 01:00;112931775
14/08/2021 01:00;112222868.2
17/08/2021 01:00;119126462
20/08/2021 01:00;122389629.9
23/08/2021 01:00;123285733.7
26/08/2021 01:00;129030251.8
29/08/2021 01:00;129727331.4
01/09/2021 01:00;127249992.5
04/09/2021 01:00;126343503.2
07/09/2021 01:00;133723965.3
10/09/2021 01:00;135548079
13/09/2021 01:00;133493711
16/09/2021 01:00;135613291.5
19/09/2021 01:00;137836460.2
22/09/2021 01:00;134495823.9
25/09/2021 01:00;139221878.3
28/09/2021 01:00;135671902.5
01/10/2021 01:00;140172657.3
04/10/2021 01:00;146513480.1
07/10/2021 01:00;150290764.2
10/10/2021 01:00;141032003.3
13/10/2021 01:00;138585678.4
16/10/2021 01:00;146355517.7
19/10/2021 01:00;144403297.8
22/10/2021 01:00;146706532
25/10/2021 01:00;150427844.6
28/10/2021 01:00;155878118.2
31/10/2021 01:00;159871336.2
03/11/2021 00:00;157794954.1
06/11/2021 00:00;159797397.1
09/11/2021 00:00;162888098.9
12/11/2021 00:00;162426659.5
15/11/2021 00:00;161753319.4
18/11/2021 00:00;167149670
21/11/2021 00:00;166066724.2
24/11/2021 00:00;157799323.1
27/11/2021 00:00;156028106.2
30/11/2021 00:00;156604781.3
03/12/2021 00:00;156707914.1
06/12/2021 00:00;167815674.3
09/12/2021 00:00;180504950.2
12/12/2021 00:00;180450982.5
15/12/2021 00:00;176123588.1
18/12/2021 00:00;168465544.7
21/12/2021 00:00;167354661.3
24/12/2021 00:00;177148517.3
27/12/2021 00:00;178302007.2
30/12/2021 00:00;174068260
02/01/2022 00:00;172541536
